iter	Logloss
0	0.2793495977
1	0.2846261072
2	0.2851862406
3	0.2862836545
4	0.2861839134
